 Year,Week,collected,A _H1,A _H1N1_pdm09,A _H3,A_H5,A _not_subtyped,A_Total,B_Yamagata_lineage,B_Victoria_lineage,B_lineage_not_determined,B_Total_,Total_flu_positive,time
2005,1,,2,,400,,711,1113,,,166,166,1279,1
2005,2,,2,,298,,631,931,,,182,182,1113,2
2005,3,,2,,374,,889,1265,,,211,211,1476,3
2005,4,,1,,511,,1045,1557,,,306,306,1863,4
2005,5,,0,,686,,1214,1900,,,424,424,2324,5
2005,6,,2,,638,,1451,2091,,,478,478,2569,6
2005,7,,2,,688,,1396,2086,,,613,613,2699,7
2005,8,,1,,523,,1133,1657,,,617,617,2274,8
2005,9,,0,,227,,949,1176,,,518,518,1694,9
2005,10,,0,,161,,633,794,,,415,415,1209,10
2005,11,,0,,146,,489,635,,,466,466,1101,11
2005,12,,0,,102,,303,405,,,455,455,860,12
2005,13,,3,,54,,167,224,,,341,341,565,13
2005,14,,0,,47,,95,142,,,210,210,352,14
2005,15,,0,,14,,39,53,,,123,123,176,15
2005,16,,1,,21,,26,48,,,73,73,121,16
2005,17,,0,,12,,12,24,,,40,40,64,17
2005,18,,0,,10,,8,18,,,30,30,48,18
2005,19,,0,,13,,5,18,,,18,18,36,19
2005,20,,0,,20,,3,23,,,16,16,39,20
2005,21,,0,,9,,3,12,,,20,20,32,21
2005,22,,0,,6,,3,9,,,15,15,24,22
2005,23,,0,,4,,0,4,,,8,8,12,23
2005,24,,0,,3,,1,4,,,10,10,14,24
2005,25,,0,,5,,1,6,,,5,5,11,25
2005,26,,0,,0,,6,6,,,1,1,7,26
2005,27,,0,,1,,0,1,,,4,4,5,27
2005,28,,0,,0,,0,0,,,2,2,2,28
2005,29,,0,,0,,1,1,,,2,2,3,29
2005,30,,0,,1,,0,1,,,1,1,2,30
2005,31,,0,,0,,0,0,,,,,0,31
2005,32,,0,,3,,1,4,,,,,4,32
2005,33,,1,,0,,4,5,,,,,5,33
2005,34,,0,,2,,0,2,,,,,2,34
2005,35,,0,,0,,3,3,,,1,1,4,35
2005,36,,0,,1,,0,1,,,,,1,36
2005,37,,0,,4,,0,4,,,1,1,5,37
2005,38,,0,,0,,0,0,,,,,0,38
2005,39,,0,,0,,0,0,,,,,0,39
2005,40,,0,,6,,4,10,,,1,1,11,40
2005,41,,0,,6,,4,10,,,1,1,11,41
2005,42,,0,,12,,6,18,,,5,5,23,42
2005,43,,0,,6,,5,11,,,2,2,13,43
2005,44,,0,,13,,4,17,,,3,3,20,44
2005,45,,1,,21,,12,34,,,6,6,40,45
2005,46,,2,,18,,16,36,,,4,4,40,46
2005,47,,0,,18,,17,35,,,3,3,38,47
2005,48,,1,,53,,29,83,,,2,2,85,48
2005,49,,1,,109,,64,174,,,8,8,182,49
2005,50,,0,,233,,92,325,,,5,5,330,50
2005,51,,0,,266,,325,591,,,9,9,600,51
2005,52,,2,,312,,322,636,,,18,18,654,52
2006,1,,0,,226,,255,481,,,21,21,502,53
2006,2,,4,,293,,324,621,,,13,13,634,54
2006,3,,4,,278,,331,613,,,15,15,628,55
2006,4,,4,,299,,428,731,,,23,23,754,56
2006,5,,5,,302,,463,770,,,50,50,820,57
2006,6,,9,,304,,520,833,,,96,96,929,58
2006,7,,15,,338,,618,971,,,94,94,1065,59
2006,8,,16,,346,,767,1129,,,130,130,1259,60
2006,9,,27,,421,,726,1174,,,263,263,1437,61
2006,10,,51,,392,,750,1193,,,317,317,1510,62
2006,11,,37,,265,,516,818,,,322,322,1140,63
2006,12,,76,,164,,435,675,,,354,354,1029,64
2006,13,,61,,121,,288,470,,,387,387,857,65
2006,14,,38,,53,,171,262,,,285,285,547,66
2006,15,,23,,50,,112,185,,,208,208,393,67
2006,16,,23,,30,,58,111,,,203,203,314,68
2006,17,,10,,1,,38,49,,,117,117,166,69
2006,18,,3,,4,,40,47,,,79,79,126,70
2006,19,,0,,0,,36,36,,,64,64,100,71
2006,20,,1,,1,,8,10,,,41,41,51,72
2006,21,0,0,0,0,0,0,0,0,0,0,0,0,73
2006,22,0,0,0,0,0,0,0,0,0,0,0,0,74
2006,23,0,0,0,0,0,0,0,0,0,0,0,0,75
2006,24,0,0,0,0,0,0,0,0,0,0,0,0,76
2006,25,0,0,0,0,0,0,0,0,0,0,0,0,77
2006,26,0,0,0,0,0,0,0,0,0,0,0,0,78
2006,27,0,0,0,0,0,0,0,0,0,0,0,0,79
2006,28,0,0,0,0,0,0,0,0,0,0,0,0,80
2006,29,0,0,0,0,0,0,0,0,0,0,0,0,81
2006,30,0,0,0,0,0,0,0,0,0,0,0,0,82
2006,31,0,0,0,0,0,0,0,0,0,0,0,0,83
2006,32,0,0,0,0,0,0,0,0,0,0,0,0,84
2006,33,0,0,0,0,0,0,0,0,0,0,0,0,85
2006,34,0,0,0,0,0,0,0,0,0,0,0,0,86
2006,35,0,0,0,0,0,0,0,0,0,0,0,0,87
2006,36,0,0,0,0,0,0,0,0,0,0,0,0,88
2006,37,0,0,0,0,0,0,0,0,0,0,0,0,89
2006,38,0,0,0,0,0,0,0,0,0,0,0,0,90
2006,39,0,0,0,0,0,0,0,0,0,0,0,0,91
2006,40,,13,,2,,26,41,,,15,15,56,92
2006,41,,20,,1,,37,58,,,9,9,67,93
2006,42,,17,,4,,37,58,,,22,22,80,94
2006,43,,13,,2,,46,61,,,23,23,84,95
2006,44,,25,,1,,75,101,,,42,42,143,96
2006,45,,18,,1,,93,112,,,43,43,155,97
2006,46,,25,,2,,74,101,,,32,32,133,98
2006,47,,21,,2,,110,133,,,28,28,161,99
2006,48,,43,,1,,111,155,,,54,54,209,100
2006,49,,55,,2,,145,202,,,62,62,264,101
2006,50,,106,,9,,306,421,,,120,120,541,102
2006,51,,194,,10,,392,596,,,133,133,729,103
2006,52,,201,,14,,366,581,,,123,123,704,104
2007,1,,128,,14,,240,382,,,86,86,468,105
2007,2,,180,,35,,293,508,,,86,86,594,106
2007,3,,174,,44,,420,638,,,80,80,718,107
2007,4,,310,,86,,760,1156,,,154,154,1310,108
2007,5,,367,,107,,1172,1646,,,203,203,1849,109
2007,6,,497,,133,,1491,2121,,,411,411,2532,110
2007,7,,430,,133,,1544,2107,,,416,416,2523,111
2007,8,,297,,156,,1388,1841,,,526,526,2367,112
2007,9,,201,,192,,1006,1399,,,550,550,1949,113
2007,10,,169,,199,,751,1119,,,470,470,1589,114
2007,11,,147,,207,,569,923,,,430,430,1353,115
2007,12,,65,,165,,491,721,,,369,369,1090,116
2007,13,,59,,173,,322,554,,,211,211,765,117
2007,14,,33,,101,,228,362,,,156,156,518,118
2007,15,,31,,186,,158,375,,,140,140,515,119
2007,16,,28,,126,,138,292,,,81,81,373,120
2007,17,,21,,119,,86,226,,,68,68,294,121
2007,18,,15,,81,,51,147,,,56,56,203,122
2007,19,,7,,38,,43,88,,,38,38,126,123
2007,20,,3,,23,,39,65,,,27,27,92,124
2007,21,,4,,32,,34,70,,,14,14,84,125
2007,22,,2,,7,,12,21,,,9,9,30,126
2007,23,,1,,5,,10,16,,,4,4,20,127
2007,24,,0,,6,,13,19,,,7,7,26,128
2007,25,,3,,1,,2,6,,,2,2,8,129
2007,26,,0,,1,,10,11,,,4,4,15,130
2007,27,,2,,3,,8,13,,,5,5,18,131
2007,28,,4,,8,,9,21,,,2,2,23,132
2007,29,,4,,3,,8,15,,,1,1,16,133
2007,30,,14,,7,,14,35,,,2,2,37,134
2007,31,,2,,6,,14,22,,,2,2,24,135
2007,32,,11,,5,,14,30,,,4,4,34,136
2007,33,,7,,2,,10,19,,,,,19,137
2007,34,,1,,0,,21,22,,,1,1,23,138
2007,35,,10,,0,,13,23,,,7,7,30,139
2007,36,,10,,0,,14,24,,,,,24,140
2007,37,,14,,1,,8,23,,,7,7,30,141
2007,38,,11,,1,,15,27,,,3,3,30,142
2007,39,,3,,1,,16,20,,,,,20,143
2007,40,,17,,2,,20,39,,,5,5,44,144
2007,41,,19,,3,,22,44,,,0,0,44,145
2007,42,,16,,2,,28,46,,,2,2,48,146
2007,43,,16,,2,,27,45,,,5,5,50,147
2007,44,,10,,0,,53,63,,,11,11,74,148
2007,45,,17,,10,,47,74,,,11,11,85,149
2007,46,,24,,6,,55,85,,,2,2,87,150
2007,47,,35,,2,,90,127,,,13,13,140,151
2007,48,,49,,12,,50,111,,,13,13,124,152
2007,49,,35,,10,,112,157,,,22,22,179,153
2007,50,,53,,22,,116,191,,,27,27,218,154
2007,51,,70,,28,,165,263,,,50,50,313,155
2007,52,,80,,26,,260,366,,,85,85,451,156
2008,1,,96,,59,,318,473,,,106,106,579,157
2008,2,,179,,143,,528,850,,,161,161,1011,158
2008,3,,220,,204,,702,1126,,,210,210,1336,159
2008,4,,223,,386,,1208,1817,,,338,338,2155,160
2008,5,,262,,634,,2263,3159,,,659,659,3818,161
2008,6,,268,,836,,2740,3844,,,889,889,4733,162
2008,7,,211,,833,,2620,3664,,,1079,1079,4743,163
2008,8,,190,,973,,2663,3826,,,1360,1360,5186,164
2008,9,,132,,802,,2041,2975,,,1396,1396,4371,165
2008,10,,74,,628,,1477,2179,,,1366,1366,3545,166
2008,11,,79,,485,,897,1461,,,1083,1083,2544,167
2008,12,,49,,397,,589,1035,,,908,908,1943,168
2008,13,,14,,175,,413,602,,,776,776,1378,169
2008,14,,12,,105,,258,375,,,505,505,880,170
2008,15,,6,,52,,140,198,,,410,410,608,171
2008,16,,0,,32,,82,114,,,233,233,347,172
2008,17,,5,,10,,44,59,,,126,126,185,173
2008,18,,1,,9,,36,46,,,79,79,125,174
2008,19,,0,,10,,12,22,,,42,42,64,175
2008,20,,0,,4,,14,18,,,19,19,37,176
2008,21,,1,,4,,9,14,,,15,15,29,177
2008,22,,0,,2,,7,9,,,10,10,19,178
2008,23,,0,,1,,11,12,,,5,5,17,179
2008,24,,0,,0,,4,4,,,7,7,11,180
2008,25,,0,,2,,3,5,,,2,2,7,181
2008,26,,0,,0,,0,0,,,6,6,6,182
2008,27,,0,,0,,1,1,,,3,3,4,183
2008,28,,1,,1,,0,2,,,4,4,6,184
2008,29,,0,,0,,2,2,,,2,2,4,185
2008,30,,1,,5,,3,9,,,0,0,9,186
2008,31,,0,,1,,2,3,,,4,4,7,187
2008,32,,1,,0,,5,6,,,1,1,7,188
2008,33,,0,,0,,0,0,,,1,1,1,189
2008,34,,1,,1,,1,3,,,3,3,6,190
2008,35,,0,,0,,2,2,,,3,3,5,191
2008,36,,1,,0,,5,6,,,0,0,6,192
2008,37,,0,,2,,7,9,,,2,2,11,193
2008,38,,0,,1,,9,10,,,2,2,12,194
2008,39,,0,,0,,5,5,,,2,2,7,195
2008,40,,3,,0,,8,11,,,6,6,17,196
2008,41,,4,,4,,8,16,,,6,6,22,197
2008,42,,13,,3,,15,31,,,6,6,37,198
2008,43,,22,,0,,24,46,,,14,14,60,199
2008,44,,12,,3,,21,36,,,5,5,41,200
2008,45,,32,,2,,23,57,,,11,11,68,201
2008,46,,25,,2,,23,50,,,12,12,62,202
2008,47,,27,,1,,31,59,,,23,23,82,203
2008,48,,40,,1,,47,88,,,24,24,112,204
2008,49,,43,,6,,57,106,,,14,14,120,205
2008,50,,71,,9,,66,146,,,37,37,183,206
2008,51,,73,,19,,108,200,,,56,56,256,207
2008,52,,71,,12,,153,236,,,51,51,287,208
2009,1,6613,111,,19,,177,307,,,50,50,357,209
2009,2,6980,163,,27,,300,490,,,78,78,568,210
2009,3,7024,195,,22,,421,638,,,104,104,742,211
2009,4,7959,353,,46,,666,1065,,,189,189,1254,212
2009,5,9496,555,,78,,940,1573,,,380,380,1953,213
2009,6,11750,671,,52,,1386,2109,,,688,688,2797,214
2009,7,12716,823,,66,,1361,2250,,,945,945,3195,215
2009,8,11801,840,,70,,1065,1975,,,931,931,2906,216
2009,9,11983,700,,57,,1011,1768,,,1147,1147,2915,217
2009,10,11020,533,,65,,896,1494,,,1158,1158,2652,218
2009,11,9679,386,,67,,635,1088,,,1062,1062,2150,219
2009,12,8726,355,,62,,439,856,,,926,926,1782,220
2009,13,7425,269,,45,,293,607,,,636,636,1243,221
2009,14,5835,121,,27,,180,328,,,471,471,799,222
2009,15,5171,102,1,37,,130,270,,,283,283,553,223
2009,16,4713,39,1,29,,84,153,,,186,186,339,224
2009,17,4197,41,18,33,,77,169,,,113,113,282,225
2009,18,35381,669,1493,851,,489,3502,,,787,787,4289,226
2009,19,33653,491,2518,709,,713,4431,,,490,490,4921,227
2009,20,16456,145,1785,259,,626,2815,,,134,134,2949,228
2009,21,15035,72,2673,260,,777,3782,,,93,93,3875,229
2009,22,12971,32,2840,258,,962,4092,,,42,42,4134,230
2009,23,13036,27,3646,425,,873,4971,,,26,26,4997,231
2009,24,13284,29,3922,261,,1195,5407,,,15,15,5422,232
2009,25,13847,15,4395,216,,1288,5914,,,9,9,5923,233
2009,26,11940,9,3166,72,,998,4245,,,7,7,4252,234
2009,27,10510,81,2389,38,,748,3256,,,7,7,3263,235
2009,28,10271,1,2590,41,,616,3248,,,7,7,3255,236
2009,29,9520,11,2087,28,,511,2637,,,4,4,2641,237
2009,30,8323,19,1856,15,,406,2296,,,3,3,2299,238
2009,31,8851,25,1879,11,,794,2709,,,4,4,2713,239
2009,32,7896,17,1298,7,,489,1811,,,3,3,1814,240
2009,33,7988,4,1265,8,,436,1713,,,5,5,1718,241
2009,34,9135,2,1600,16,,484,2102,,,1,1,2103,242
2009,35,10937,8,1383,12,,728,2131,,,14,14,2145,243
2009,36,14443,2,1884,13,0,1087,2986,0,0,4,4,2990,244
2009,37,16842,1,2294,6,0,1462,3763,0,0,11,11,3774,245
2009,38,18726,5,2617,3,0,1707,4332,0,0,5,5,4337,246
2009,39,19498,4,2858,6,0,1724,4592,0,0,18,18,4610,247
2009,40,20564,4,3847,7,0,1863,5721,0,0,17,17,5738,248
2009,41,24567,1,6121,2,0,2046,8170,0,0,19,19,8189,249
2009,42,29035,2,8627,0,0,2211,10840,0,0,18,18,10858,250
2009,43,31866,2,9735,2,0,2342,12081,0,0,30,30,12111,251
2009,44,27992,1,7738,2,0,2010,9751,0,0,19,19,9770,252
2009,45,24861,3,6081,3,0,1464,7551,0,0,30,30,7581,253
2009,46,21720,1,4629,1,0,1157,5788,0,0,9,9,5797,254
2009,47,18198,1,2715,0,0,725,3441,0,0,13,13,3454,255
2009,48,13199,1,1408,3,0,448,1860,0,0,7,7,1867,256
2009,49,12978,1,997,0,0,316,1314,0,0,9,9,1323,257
2009,50,11195,1,610,3,0,185,799,0,0,3,3,802,258
2009,51,10473,0,480,3,0,172,655,0,0,6,6,661,259
2009,52,8437,3,251,0,0,135,389,0,0,3,3,392,260
2009,53,9454,0,285,1,0,134,420,0,0,8,8,428,261
2010,1,9600,0,266,0,0,92,358,0,0,8,8,366,262
2010,2,8678,1,261,2,0,120,384,0,0,12,12,396,263
2010,3,8626,0,317,1,0,126,444,0,0,3,3,447,264
2010,4,8622,0,268,3,0,122,393,0,0,9,9,402,265
2010,5,8485,0,290,0,0,108,398,0,0,6,6,404,266
2010,6,8270,0,238,0,0,114,352,0,0,9,9,361,267
2010,7,8463,0,260,0,0,114,374,0,0,6,6,380,268
2010,8,8106,0,316,1,0,104,421,0,0,3,3,424,269
2010,9,7620,0,338,0,0,102,440,0,0,5,5,445,270
2010,10,7525,0,359,0,0,102,461,0,0,14,14,475,271
2010,11,6500,0,259,1,0,87,347,0,0,4,4,351,272
2010,12,5645,0,178,1,0,58,237,0,0,9,9,246,273
2010,13,5285,0,167,1,0,64,232,0,0,5,5,237,274
2010,14,4567,0,96,1,0,30,127,0,0,0,0,127,275
2010,15,3993,0,56,1,0,20,77,0,0,2,2,79,276
2010,16,3816,0,17,2,0,27,46,0,0,6,6,52,277
2010,17,3754,0,16,0,0,13,29,0,0,8,8,37,278
2010,18,3142,0,20,1,0,9,30,0,0,1,1,31,279
2010,19,2845,0,6,2,0,15,23,0,0,3,3,26,280
2010,20,2921,0,7,1,0,7,16,0,0,3,3,19,281
2010,21,2711,0,0,0,0,6,6,0,0,2,2,8,282
2010,22,2196,0,3,0,0,3,6,0,0,2,2,8,283
2010,23,2190,0,1,1,0,3,5,0,0,3,3,8,284
2010,24,2077,0,1,4,0,2,7,0,0,4,4,11,285
2010,25,1975,0,3,4,0,4,11,0,0,0,0,11,286
2010,26,1846,0,1,1,0,4,6,0,0,1,1,7,287
2010,27,1623,0,0,3,0,1,4,0,0,0,0,4,288
2010,28,1634,0,1,6,0,1,8,0,0,2,2,10,289
2010,29,1589,0,2,2,0,4,8,0,0,4,4,12,290
2010,30,1706,0,1,13,0,5,19,0,0,5,5,24,291
2010,31,1559,0,4,9,0,4,17,0,0,2,2,19,292
2010,32,1702,0,7,10,0,5,22,0,0,10,10,32,293
2010,33,1816,0,5,11,0,2,18,0,0,3,3,21,294
2010,34,2001,0,10,17,0,10,37,0,0,8,8,45,295
2010,35,2282,0,7,11,0,10,28,0,0,6,6,34,296
2010,36,2397,0,9,16,0,14,39,0,0,7,7,46,297
2010,37,2769,0,5,30,0,15,50,0,0,14,14,64,298
2010,38,2870,0,0,28,0,18,46,0,0,21,21,67,299
2010,39,3063,0,2,17,0,23,42,0,0,20,20,62,300
2010,40,3724,0,7,17,0,30,54,0,0,23,23,77,301
2010,41,4100,0,13,36,0,43,92,0,0,36,36,128,302
2010,42,4239,0,8,35,0,53,96,0,0,45,45,141,303
2010,43,4351,0,13,55,0,47,115,0,0,53,53,168,304
2010,44,4734,0,12,61,0,68,141,0,0,106,106,247,305
2010,45,5553,0,15,78,0,95,188,0,0,164,164,352,306
2010,46,5766,0,23,121,0,109,253,0,0,238,238,491,307
2010,47,5650,0,11,153,0,158,322,0,0,266,266,588,308
2010,48,6187,0,34,181,0,133,348,0,0,261,261,609,309
2010,49,6341,0,46,356,0,131,533,0,0,310,310,843,310
2010,50,7564,0,83,547,0,278,908,0,0,530,530,1438,311
2010,51,8000,0,98,782,0,447,1327,0,0,671,671,1998,312
2010,52,9088,0,190,994,0,536,1720,0,0,655,655,2375,313
2011,1,10510,0,328,1147,0,595,2070,0,0,575,575,2645,314
2011,2,10251,0,546,1194,0,689,2429,0,0,598,598,3027,315
2011,3,11113,0,816,1417,0,754,2987,0,0,737,737,3724,316
2011,4,12929,0,1040,1481,0,953,3474,0,0,965,965,4439,317
2011,5,13860,0,1193,1449,0,1143,3785,0,0,1134,1134,4919,318
2011,6,14670,0,1235,1462,0,1206,3903,0,0,1183,1183,5086,319
2011,7,16411,0,1397,1531,0,1447,4375,0,0,1368,1368,5743,320
2011,8,14466,0,1138,1210,0,1048,3396,0,0,1203,1203,4599,321
2011,9,12923,0,939,969,0,765,2673,0,0,893,893,3566,322
2011,10,11377,0,664,798,0,517,1979,0,0,688,688,2667,323
2011,11,9644,0,435,580,0,380,1395,0,0,555,555,1950,324
2011,12,8378,0,259,415,0,275,949,0,0,407,407,1356,325
2011,13,6971,0,161,263,0,174,598,0,0,285,285,883,326
2011,14,6398,0,87,197,0,93,377,0,0,252,252,629,327
2011,15,5331,0,46,140,0,58,244,0,0,149,149,393,328
2011,16,4403,0,30,56,0,28,114,0,0,79,79,193,329
2011,17,3745,0,9,26,0,29,64,0,0,61,61,125,330
2011,18,3255,0,11,18,0,10,39,0,0,23,23,62,331
2011,19,3009,0,2,11,0,11,24,0,0,14,14,38,332
2011,20,2645,0,0,5,0,4,9,0,0,10,10,19,333
2011,21,2374,0,2,4,0,6,12,0,0,4,4,16,334
2011,22,2085,0,1,0,0,6,7,0,0,5,5,12,335
2011,23,1911,0,0,0,0,1,1,0,0,4,4,5,336
2011,24,1798,0,2,1,0,6,9,0,0,0,0,9,337
2011,25,1701,0,0,0,0,0,0,0,0,2,2,2,338
2011,26,1354,0,2,0,0,1,3,0,0,1,1,4,339
2011,27,1317,0,2,1,0,1,4,0,0,1,1,5,340
2011,28,1278,0,0,3,0,0,3,0,0,3,3,6,341
2011,29,1317,0,0,3,0,0,3,0,0,5,5,8,342
2011,30,1145,0,0,0,0,2,2,0,0,1,1,3,343
2011,31,1229,0,3,2,0,3,8,0,0,2,2,10,344
2011,32,1263,0,0,3,0,6,9,0,0,2,2,11,345
2011,33,1406,0,2,5,0,5,13,0,0,3,3,16,346
2011,34,1518,0,0,5,0,6,12,0,0,5,5,17,347
2011,35,1634,0,2,2,0,9,13,0,0,1,1,14,348
2011,36,1766,0,1,3,0,7,11,0,0,2,2,13,349
2011,37,1901,0,0,6,0,11,17,0,0,2,2,19,350
2011,38,2147,0,0,4,0,9,13,0,0,7,7,20,351
2011,39,2152,0,1,10,0,10,21,0,0,5,5,26,352
2011,40,3197,0,3,14,0,7,24,0,0,9,9,33,353
2011,41,3319,0,0,9,0,2,11,0,0,8,8,19,354
2011,42,3433,0,2,10,0,8,20,0,0,8,8,28,355
2011,43,3707,0,0,12,0,19,31,0,0,12,12,43,356
2011,44,4038,0,1,17,0,11,29,0,0,9,9,38,357
2011,45,4255,0,2,15,0,17,34,0,0,15,15,49,358
2011,46,4503,0,0,15,0,17,32,0,0,11,11,43,359
2011,47,4071,0,3,23,0,29,55,0,0,20,20,75,360
2011,48,4636,0,2,32,0,22,56,0,0,17,17,73,361
2011,49,4667,0,5,38,0,43,86,0,0,20,20,106,362
2011,50,4859,0,4,78,0,28,110,0,0,19,19,129,363
2011,51,4981,0,7,104,0,57,168,0,0,24,24,192,364
2011,52,5331,0,4,107,0,47,158,0,0,17,17,175,365
2012,1,5558,0,16,101,0,38,155,0,0,22,22,177,366
2012,2,5276,0,31,138,0,45,214,0,0,15,15,229,367
2012,3,5259,0,50,195,0,50,295,0,0,17,17,312,368
2012,4,5775,0,84,256,0,96,436,0,0,30,30,466,369
2012,5,5862,0,124,365,0,128,617,0,0,41,41,658,370
2012,6,6111,0,164,419,0,159,742,0,0,55,55,797,371
2012,7,6837,0,220,506,0,255,981,0,0,69,69,1050,372
2012,8,7110,0,295,690,0,326,1311,0,0,75,75,1386,373
2012,9,8029,0,443,986,0,392,1821,0,0,107,107,1928,374
2012,10,7979,0,494,1221,0,451,2166,0,0,116,116,2282,375
2012,11,8295,0,574,1393,0,482,2449,0,0,197,197,2646,376
2012,12,7611,0,436,1091,0,403,1930,0,0,241,241,2171,377
2012,13,7037,0,306,717,0,299,1322,0,0,239,239,1561,378
2012,14,6250,0,266,628,0,282,1176,0,0,270,270,1446,379
2012,15,5918,0,187,591,0,186,964,0,0,290,290,1254,380
2012,16,5454,0,123,548,0,173,844,0,0,313,313,1157,381
2012,17,4650,0,82,366,0,134,582,0,0,269,269,851,382
2012,18,4194,0,64,310,0,99,473,0,0,247,247,720,383
2012,19,3779,0,39,233,0,76,348,0,0,266,266,614,384
2012,20,3564,0,34,167,0,57,258,0,0,252,252,510,385
2012,21,3470,0,18,88,0,63,169,0,0,253,253,422,386
2012,22,3015,0,16,85,0,46,147,0,0,224,224,371,387
2012,23,2986,0,16,48,0,40,104,0,0,200,200,304,388
2012,24,2724,0,9,63,0,52,124,0,0,179,179,303,389
2012,25,2343,0,3,38,0,26,67,0,0,105,105,172,390
2012,26,2116,0,3,26,0,22,51,0,0,117,117,168,391
2012,27,1817,0,5,16,0,13,34,0,0,57,57,91,392
2012,28,1908,0,4,36,0,15,56,0,0,43,43,99,393
2012,29,1933,0,0,18,0,11,29,0,0,47,47,76,394
2012,30,1927,0,2,49,0,10,70,0,0,31,31,101,395
2012,31,1939,0,1,65,0,4,165,0,0,35,35,200,396
2012,32,2118,0,3,63,0,8,147,0,0,26,26,173,397
2012,33,2236,0,6,69,0,9,136,0,0,28,28,164,398
2012,34,2392,0,7,48,0,14,84,0,0,25,25,109,399
2012,35,2444,0,1,36,0,12,61,0,0,26,26,87,400
2012,36,2598,0,1,34,0,11,51,0,0,36,36,87,401
2012,37,2909,0,0,19,0,9,30,0,0,48,48,78,402
2012,38,3123,0,4,34,0,18,56,0,0,40,40,96,403
2012,39,2476,0,3,17,0,20,40,0,0,49,49,89,404
2012,40,4345,0,3,71,0,10,84,0,0,79,79,163,405
2012,41,4716,0,7,67,0,25,99,0,0,98,98,197,406
2012,42,5009,0,4,128,0,47,179,0,0,121,121,300,407
2012,43,4913,0,3,148,0,49,200,0,0,139,139,339,408
2012,44,5149,0,4,181,0,73,258,0,0,151,151,409,409
2012,45,6134,0,5,269,0,114,388,0,0,231,231,619,410
2012,46,6365,0,8,366,0,210,586,0,0,265,265,851,411
2012,47,7115,0,8,592,0,406,1006,0,0,362,362,1368,412
2012,48,8884,0,17,992,0,532,1541,0,0,497,497,2038,413
2012,49,11471,0,36,1739,0,979,2754,0,0,678,678,3432,414
2012,50,13885,0,49,2572,0,1141,3762,0,0,822,822,4584,415
2012,51,15667,0,54,3528,0,1251,4833,0,0,1096,1096,5929,416
2012,52,16881,0,78,3673,0,1532,5283,0,0,1162,1162,6445,417
2013,1,18219,0,84,3640,0,1653,5377,0,0,1097,1097,6474,418
2013,2,20013,0,96,3889,0,1767,5752,0,0,1145,1145,6897,419
2013,3,19228,0,113,3121,0,1624,4858,0,0,1078,1078,5936,420
2013,4,17139,0,129,2382,0,1528,4039,0,0,1091,1091,5130,421
2013,5,14795,0,122,1890,0,951,2963,0,0,1076,1076,4039,422
2013,6,13259,0,121,1181,0,706,2008,0,0,1051,1051,3059,423
2013,7,11468,0,69,798,0,486,1353,0,0,1032,1032,2385,424
2013,8,10398,0,74,548,0,363,985,0,0,1084,1084,2069,425
2013,9,9499,0,49,392,0,289,730,0,0,1046,1046,1776,426
2013,10,8999,0,61,301,0,200,562,0,0,1083,1083,1645,427
2013,11,8733,0,41,202,0,191,434,0,0,1018,1018,1452,428
2013,12,7849,0,29,159,0,137,325,0,0,894,894,1219,429
2013,13,6635,0,31,98,0,92,221,0,0,732,732,953,430
2013,14,6311,0,31,120,0,101,252,0,0,641,641,893,431
2013,15,5779,0,44,67,0,63,174,0,0,457,457,631,432
2013,16,5229,0,27,73,0,43,143,0,0,311,311,454,433
2013,17,4518,0,33,61,0,46,140,0,0,239,239,379,434
2013,18,4317,0,15,54,0,29,98,0,0,195,195,293,435
2013,19,3917,0,12,36,0,27,75,0,0,174,174,249,436
2013,20,3562,0,11,24,0,19,54,0,0,120,120,174,437
2013,21,3488,0,13,18,0,21,52,0,0,109,109,161,438
2013,22,3207,0,14,14,0,28,56,0,0,92,92,148,439
2013,23,3167,0,10,12,0,29,51,0,0,78,78,129,440
2013,24,2893,0,20,12,0,32,64,0,0,62,62,126,441
2013,25,2811,0,5,10,0,31,48,0,0,47,47,95,442
2013,26,2591,0,6,5,0,21,38,0,0,27,27,65,443
2013,27,2256,0,6,12,0,22,44,0,0,23,23,67,444
2013,28,2337,0,6,27,0,33,66,0,0,13,13,79,445
2013,29,2212,0,5,12,0,24,42,0,0,14,14,56,446
2013,30,2050,0,11,10,0,29,51,0,0,9,9,60,447
2013,31,2246,0,8,14,0,31,55,0,0,20,20,75,448
2013,32,2195,0,14,11,0,26,51,0,0,12,12,63,449
2013,33,1968,0,13,3,0,32,48,0,0,10,10,58,450
2013,34,2187,0,9,4,0,41,55,0,0,3,3,58,451
2013,35,2674,0,39,3,0,67,110,0,0,10,10,120,452
2013,36,2825,0,23,5,0,73,101,0,0,12,12,113,453
2013,37,3190,0,48,7,0,60,115,0,0,7,7,122,454
2013,38,3400,0,32,7,0,56,95,0,0,22,22,117,455
2013,39,3890,0,49,10,0,56,115,0,0,22,22,137,456
2013,40,4407,0,64,10,0,84,159,0,0,26,26,185,457
2013,41,5244,0,57,21,0,115,193,0,0,28,28,221,458
2013,42,5320,0,34,12,0,104,150,0,0,25,25,175,459
2013,43,5402,0,65,16,0,102,183,0,0,14,14,197,460
2013,44,5853,0,74,24,0,135,233,0,0,41,41,274,461
2013,45,6765,0,150,28,0,173,351,0,0,43,43,394,462
2013,46,6963,0,265,25,0,191,481,0,0,39,39,520,463
2013,47,7569,0,417,20,0,211,648,0,0,55,55,703,464
2013,48,7118,0,465,28,0,330,823,0,0,40,40,863,465
2013,49,9628,0,899,30,0,726,1655,0,0,67,67,1722,466
2013,50,9942,0,1062,46,0,813,1921,0,0,47,47,1968,467
2013,51,13165,0,1996,50,0,1577,3623,0,0,62,62,3685,468
2013,52,14631,0,2663,39,0,1689,4391,0,0,87,87,4478,469
2014,1,16955,0,3317,79,0,1502,4898,0,0,84,84,4982,470
2014,2,16829,0,3204,104,0,1246,4554,0,0,82,82,4636,471
2014,3,16051,0,2907,107,0,1119,4133,0,0,110,110,4243,472
2014,4,15130,0,2341,118,0,1002,3461,0,0,152,152,3613,473
2014,5,13460,0,1735,77,0,743,2555,0,0,153,153,2708,474
2014,6,12072,0,1451,115,0,525,2091,0,0,198,198,2289,475
2014,7,10991,0,1056,91,0,466,1613,0,0,199,199,1812,476
2014,8,10451,0,741,85,0,327,1153,0,0,220,220,1373,477
2014,9,9349,0,454,85,0,250,789,0,0,237,237,1026,478
2014,10,8995,0,390,99,0,204,693,0,0,281,281,974,479
2014,11,8282,0,330,132,0,155,617,0,0,313,313,930,480
2014,12,7617,0,187,149,0,181,517,0,0,402,402,919,481
2014,13,7327,0,134,161,0,176,471,0,0,462,462,933,482
2014,14,7024,0,98,221,0,128,447,0,0,492,492,939,483
2014,15,6661,0,46,221,0,154,421,0,0,533,533,954,484
2014,16,6167,0,28,195,0,128,351,0,0,445,445,796,485
2014,17,5521,0,15,174,0,123,312,0,0,405,405,717,486
2014,18,5571,0,13,141,0,128,282,0,0,415,415,697,487
2014,19,5221,0,7,128,0,99,234,0,0,327,327,561,488
2014,20,5044,0,6,100,0,96,202,0,0,294,294,496,489
2014,21,4544,0,1,101,0,61,163,0,0,222,222,385,490
2014,22,4516,0,3,103,0,82,188,0,0,208,208,396,491
2014,23,4063,0,2,86,0,51,139,0,0,131,131,270,492
2014,24,3963,0,3,99,0,49,151,0,0,139,139,290,493
2014,25,3694,0,3,69,0,43,115,0,0,106,106,221,494
2014,26,3358,0,0,45,0,28,73,0,0,97,97,170,495
2014,27,3020,0,1,46,0,26,73,0,0,80,80,153,496
2014,28,2917,0,3,53,0,29,85,0,0,59,59,144,497
2014,29,2764,0,0,32,0,20,52,0,0,42,42,94,498
2014,30,3042,0,1,36,0,28,65,0,0,50,50,115,499
2014,31,2827,0,2,46,0,25,73,0,0,21,21,94,500
2014,32,2820,0,3,39,0,15,58,0,0,21,21,79,501
2014,33,3241,0,1,54,0,21,76,0,0,36,36,112,502
2014,34,3304,0,3,44,0,18,66,0,0,40,40,106,503
2014,35,3915,0,6,59,0,28,93,0,0,40,40,133,504
2014,36,4147,0,7,42,0,33,82,0,0,29,29,111,505
2014,37,5231,0,1,65,0,33,99,0,0,30,30,129,506
2014,38,5592,0,6,80,0,32,118,0,0,53,53,171,507
2014,39,5809,0,1,84,0,51,136,0,0,64,64,200,508
2014,40,9567,0,2,100,0,97,199,0,0,110,110,309,509
2014,41,11036,0,5,125,0,149,279,0,0,160,160,439,510
2014,42,11729,0,7,226,0,186,420,0,0,164,164,584,511
2014,43,11385,0,5,212,0,200,417,0,0,127,127,544,512
2014,44,11525,0,4,295,0,292,591,0,0,135,135,726,513
2014,45,12918,0,6,506,0,489,1001,0,0,155,155,1156,514
2014,46,13776,0,8,632,0,629,1269,0,0,147,147,1416,515
2014,47,16166,0,5,1001,0,1233,2239,0,0,163,163,2402,516
2014,48,18504,0,8,1538,0,1878,3424,0,0,200,200,3624,517
2014,49,21961,0,11,2296,0,2398,4705,0,0,242,242,4947,518
2014,50,29214,0,6,3814,0,4047,7867,0,0,315,315,8182,519
2014,51,37109,0,4,4972,0,6163,11139,0,0,325,325,11464,520
2014,52,42466,0,10,5498,0,7847,13355,0,0,392,392,13747,521
2015,1,41579,0,10,5292,0,5695,10997,0,0,409,409,11406,522
2015,2,38493,0,10,4901,0,3955,8866,0,0,372,372,9238,523
2015,3,35593,0,8,4584,0,3580,8172,0,0,473,473,8645,524
2015,4,34191,0,4,3917,0,3513,7435,0,0,548,548,7983,525
2015,5,32001,0,10,3475,0,2789,6274,0,0,606,606,6880,526
2015,6,29578,0,10,2719,0,2170,4899,0,0,723,723,5622,527
2015,7,26986,0,7,1744,0,1575,3326,0,0,869,869,4195,528
2015,8,24292,0,10,1242,0,1108,2360,0,0,1009,1009,3369,529
2015,9,22293,0,18,954,0,740,1712,0,0,1127,1127,2839,530
2015,10,20419,0,5,774,0,557,1336,0,0,1352,1352,2688,531
2015,11,19843,0,7,458,0,405,870,0,0,1654,1654,2524,532
2015,12,18418,0,2,340,0,302,644,0,0,1564,1564,2208,533
2015,13,16980,0,7,227,0,197,431,0,0,1479,1479,1910,534
2015,14,15123,0,4,168,0,119,291,0,0,1375,1375,1666,535
2015,15,14741,0,7,87,0,107,201,0,0,1271,1271,1472,536
2015,16,13389,0,13,66,0,79,158,0,0,969,969,1127,537
2015,17,11872,0,1,48,0,40,89,0,0,683,683,772,538
2015,18,10769,0,4,26,0,36,67,0,0,543,543,610,539
2015,19,9784,0,2,12,0,19,33,0,0,494,494,527,540
2015,20,9188,0,2,16,0,26,44,0,0,340,340,384,541
2015,21,8412,0,0,21,0,19,40,0,0,267,267,307,542
2015,22,7747,0,1,20,0,21,42,0,0,184,184,226,543
2015,23,6991,0,0,20,0,22,42,0,0,151,151,193,544
2015,24,6724,0,1,20,0,28,49,0,0,129,129,178,545
2015,25,6132,0,2,50,0,22,74,0,0,78,78,152,546
2015,26,5557,0,0,51,0,24,75,0,0,46,46,121,547
2015,27,5230,0,2,59,0,35,96,0,0,33,33,129,548
2015,28,5253,0,4,40,0,18,63,0,0,36,36,99,549
2015,29,5034,0,3,35,0,11,49,0,0,37,37,86,550
2015,30,4802,0,4,34,0,19,57,0,0,23,23,80,551
2015,31,4785,0,0,44,0,23,67,0,0,10,10,77,552
2015,32,4781,0,4,50,0,20,74,0,0,17,17,91,553
2015,33,4857,0,3,33,0,30,66,0,0,13,13,79,554
2015,34,5118,0,2,53,0,25,80,0,0,16,16,96,555
2015,35,5322,0,3,42,0,33,78,0,0,20,20,98,556
2015,36,5979,0,3,63,0,41,107,0,0,27,27,134,557
2015,37,6493,0,1,70,0,32,103,0,0,28,28,131,558
2015,38,6854,0,3,76,0,55,134,0,0,33,33,167,559
2015,39,7253,0,0,27,0,55,82,0,0,33,33,115,560
2015,40,6354,0,6,17,0,50,73,0,0,32,32,105,561
2015,41,13168,0,4,65,,86,155,1,0,53,54,209,562
2015,42,14263,0,5,41,,118,164,0,3,61,64,228,563
2015,43,14639,0,10,50,,98,158,2,3,60,65,223,564
2015,44,14781,0,9,31,,102,142,4,1,61,66,208,565
2015,45,16152,0,4,23,,101,128,4,1,77,82,210,566
2015,46,16441,0,11,34,,123,168,2,4,96,102,270,567
2015,47,16708,0,17,42,,85,144,4,0,102,106,250,568
2015,48,16391,0,17,24,,119,160,9,3,96,108,268,569
2015,49,17751,0,27,36,,148,211,12,3,90,105,316,570
2015,50,18191,0,38,37,,143,218,11,2,117,130,348,571
2015,51,18833,0,69,39,,244,352,19,4,202,225,577,572
2015,52,18123,0,89,33,,221,343,28,3,178,209,552,573
2015,53,20350,0,146,56,,265,467,35,9,213,257,724,574
2016,1,21627,0,232,68,,398,698,52,12,198,262,960,575
2016,2,20437,0,256,89,,576,921,60,23,271,354,1275,576
2016,3,20744,0,361,100,,729,1190,83,25,360,468,1658,577
2016,4,23359,0,526,160,,1050,1736,104,28,509,641,2377,578
2016,5,24988,0,672,171,,1585,2428,143,62,685,890,3318,579
2016,6,28136,0,891,236,,2282,3409,206,71,1025,1302,4711,580
2016,7,31106,0,1340,256,,3154,4750,309,103,1271,1683,6433,581
2016,8,35517,0,1672,232,,4438,6342,383,156,1491,2030,8372,582
2016,9,38567,0,1886,313,,5555,7754,347,143,1840,2330,10084,583
2016,10,41876,0,2173,313,,6726,9212,333,162,2264,2759,11971,584
2016,11,38344,0,1514,213,,5071,6798,278,154,1975,2407,9205,585
2016,12,33518,0,1058,198,,3938,5194,207,117,1837,2161,7355,586
2016,13,30674,0,807,180,,2998,3985,211,127,1722,2060,6045,587
2016,14,26382,0,534,135,,2004,2673,163,106,1563,1832,4505,588
2016,15,23773,0,383,117,,1522,2022,162,88,1512,1762,3784,589
2016,16,21676,0,276,127,,1139,1542,163,86,1487,1736,3278,590
2016,17,19461,0,167,98,,706,971,119,78,1237,1434,2405,591
2016,18,16505,0,77,59,,429,565,82,53,902,1037,1602,592
2016,19,15109,0,53,62,,282,397,71,36,715,822,1219,593
2016,20,13361,0,35,77,,228,340,50,14,549,613,953,594
2016,21,12230,0,16,44,,141,201,32,22,438,492,693,595
2016,22,10549,0,4,13,,83,100,35,14,250,299,399,596
2016,23,9636,0,5,15,,71,91,17,6,221,244,335,597
2016,24,8788,0,7,18,,59,84,10,6,100,116,200,598
2016,25,7737,0,5,22,,44,71,11,9,93,113,184,599
2016,26,6623,0,3,18,,29,50,9,6,55,70,120,600
2016,27,6249,0,2,18,,24,44,9,5,35,49,93,601
2016,28,6619,0,1,21,,25,47,11,2,34,47,94,602
2016,29,6185,0,2,18,,25,45,10,0,30,40,85,603
2016,30,6054,0,2,38,,20,60,10,2,27,39,99,604
2016,31,6026,0,1,45,,35,81,4,1,20,25,106,605
2016,32,6124,0,6,28,,22,56,12,3,31,46,102,606
2016,33,6350,0,1,29,,27,57,7,1,24,32,89,607
2016,34,6628,0,5,28,,63,96,6,2,27,35,131,608
2016,35,7501,0,7,33,,78,118,2,4,46,52,170,609
2016,36,8132,0,3,45,,57,105,3,1,62,66,171,610
2016,37,9280,0,8,55,,76,139,6,4,68,78,217,611
2016,38,10040,0,6,77,,97,180,5,3,75,83,263,612
2016,39,11292,0,5,73,,107,185,0,11,88,99,284,613
2016,40,14278,0,9,87,,120,216,4,5,91,100,316,614
2016,41,15023,0,11,81,,108,200,6,7,86,99,299,615
2016,42,16250,0,12,134,,117,263,10,8,98,116,379,616
2016,43,16480,0,13,130,,144,287,3,3,94,100,387,617
2016,44,17948,0,12,122,,204,338,7,10,121,138,476,618
2016,45,19086,0,5,155,,272,432,1,6,126,133,565,619
2016,46,20411,0,9,189,,349,547,1,7,157,165,712,620
2016,47,19618,0,5,164,,465,634,3,4,179,186,820,621
2016,48,23255,0,13,318,,543,874,5,17,201,223,1097,622
2016,49,22444,0,14,479,,699,1192,7,20,183,210,1402,623
2016,50,25720,0,18,750,,1368,2136,18,27,226,271,2407,624
2016,51,29439,0,29,1016,,2574,3619,28,38,357,423,4042,625
2016,52,36560,0,32,1676,,4301,6009,37,59,401,497,6506,626
2017,1,38960,0,53,2067,,4301,6421,60,47,405,512,6933,627
2017,2,39546,0,49,2210,,4965,7224,76,49,501,626,7850,628
2017,3,41010,0,57,2253,,6086,8396,104,69,681,854,9250,629
2017,4,42620,0,47,2431,,6283,8761,123,71,827,1021,9782,630
2017,5,46521,0,51,2596,,7809,10456,182,96,1147,1425,11881,631
2017,6,53516,0,71,2975,,9725,12771,240,126,1937,2303,15074,632
2017,7,54691,0,68,2617,,9563,12248,300,152,2656,3108,15356,633
2017,8,52446,0,87,2364,,8775,11226,357,159,3041,3557,14783,634
2017,9,44426,0,54,1492,,5618,7164,358,149,2491,2998,10162,635
2017,10,42112,0,50,1256,,4647,5953,389,138,2892,3419,9372,636
2017,11,39836,0,28,909,,3806,4743,440,141,3295,3876,8619,637
2017,12,38400,0,31,843,,3225,4099,523,193,3839,4555,8654,638
2017,13,35530,0,27,655,,2348,3030,576,143,3876,4595,7625,639
2017,14,31021,0,17,374,,1447,1838,450,117,3119,3686,5524,640
2017,15,26720,0,5,221,,903,1129,383,66,2364,2813,3942,641
2017,16,23640,0,11,144,,569,724,250,54,1656,1960,2684,642
2017,17,20099,0,7,133,,328,468,181,51,995,1227,1695,643
2017,18,17267,0,5,83,,254,342,131,31,749,911,1253,644
2017,19,16191,0,3,97,,234,334,117,38,620,775,1109,645
2017,20,15080,0,5,63,,217,285,114,33,512,659,944,646
2017,21,13461,0,6,41,,180,227,80,26,401,507,734,647
2017,22,12194,0,1,39,,171,211,60,51,331,442,653,648
2017,23,11119,0,5,33,,136,174,63,22,244,329,503,649
2017,24,9966,0,8,43,,132,183,45,11,171,227,410,650
2017,25,8843,0,5,40,,107,152,31,11,125,167,319,651
2017,26,7859,0,5,39,,95,139,21,4,103,128,267,652
2017,27,7366,0,10,29,,75,114,7,7,83,97,211,653
2017,28,7741,0,4,31,,92,127,9,5,79,93,220,654
2017,29,7532,0,8,26,,87,121,7,0,54,61,182,655
2017,30,7122,0,7,31,,76,114,21,1,53,75,189,656
2017,31,7110,0,8,41,,96,145,8,0,38,46,191,657
2017,32,7266,0,6,42,,77,125,20,0,62,82,207,658
2017,33,7949,0,5,32,,65,102,9,0,41,50,152,659
2017,34,8570,0,6,54,,82,142,9,1,47,57,199,660
2017,35,9890,0,18,64,,121,203,0,0,69,69,272,661
2017,36,10850,0,12,105,,130,247,13,0,71,84,331,662
2017,37,12321,0,8,109,,148,265,17,2,86,105,370,663
2017,38,13529,0,2,101,,140,243,18,1,85,104,347,664
2017,39,14583,0,10,119,,156,285,10,0,80,90,375,665
2017,40,16573,0,13,123,,233,369,16,0,117,133,502,666
2017,41,17636,0,14,143,,256,413,13,4,104,121,534,667
2017,42,19061,0,14,173,,278,465,11,1,112,124,589,668
2017,43,19864,0,26,180,,364,570,21,1,148,170,740,669
2017,44,21606,0,24,249,,518,791,36,3,236,275,1066,670
2017,45,23440,0,29,315,,690,1034,33,4,252,289,1323,671
2017,46,25670,0,56,405,,941,1402,61,5,351,417,1819,672
2017,47,25441,0,41,490,,1338,1869,60,5,363,428,2297,673
2017,48,29582,0,61,787,,1563,2411,108,8,456,572,2983,674
2017,49,33552,0,72,1055,,2483,3610,103,16,858,977,4587,675
2017,50,38752,0,137,1515,,4571,6223,174,36,883,1093,7316,676
2017,51,52824,0,240,2491,,9256,11987,258,39,1776,2073,14060,677
2017,52,60942,0,279,2984,,12031,15294,372,35,2192,2599,17893,678
2018,1,67726,0,320,3295,,13057,16672,463,45,2700,3208,19880,679
2018,2,75195,0,393,3336,,15219,18948,534,42,3409,3985,22933,680
2018,3,75417,0,406,2727,,14832,17965,536,47,4094,4677,22642,681
2018,4,87245,0,540,2749,,16672,19961,718,58,5581,6357,26318,682
2018,5,88743,0,542,2494,,15234,18270,804,91,7221,8116,26386,683
2018,6,87883,0,544,2040,,14148,16732,931,113,8187,9231,25963,684
2018,7,80481,0,495,1511,,11395,13401,931,115,8461,9507,22908,685
2018,8,64580,0,306,1073,,7196,8575,891,116,6645,7652,16227,686
2018,9,52069,0,246,588,,4417,5251,699,88,4763,5550,10801,687
2018,10,44035,0,144,411,,2922,3477,646,88,3706,4440,7917,688
2018,11,39323,0,188,277,,2374,2839,542,70,3558,4170,7009,689
2018,12,35690,0,120,234,,2033,2387,467,52,3232,3751,6138,690
2018,13,32633,0,132,220,,1716,2068,455,62,3034,3551,5619,691
2018,14,29245,0,120,163,,1139,1422,405,54,2409,2868,4290,692
2018,15,26533,0,101,102,,903,1106,297,40,1971,2308,3414,693
2018,16,22657,0,51,86,,595,732,211,43,1469,1723,2455,694
2018,17,20356,0,56,53,,473,582,138,28,1127,1293,1875,695
2018,18,17926,0,40,31,,348,419,137,14,747,898,1317,696
2018,19,15577,0,16,20,,191,227,68,6,475,549,776,697
2018,20,13477,0,16,10,,176,202,27,6,246,279,481,698
2018,21,12143,0,18,6,,119,143,20,4,171,195,338,699
2018,22,11054,0,8,5,,76,89,11,2,91,104,193,700
2018,23,9989,0,7,3,,73,83,9,3,83,95,178,701
2018,24,9212,0,6,3,,51,60,8,3,67,78,138,702
2018,25,8715,0,1,3,,49,53,6,3,38,47,100,703
2018,26,7920,0,2,6,,57,65,1,0,29,30,95,704
2018,27,7010,0,9,5,,44,58,6,0,26,32,90,705
2018,28,7162,0,8,9,,51,68,3,2,14,19,87,706
2018,29,7009,0,15,5,,57,77,4,2,18,24,101,707
2018,30,6976,0,9,3,,52,64,0,2,19,21,85,708
2018,31,6477,0,7,10,,46,63,1,0,17,18,81,709
2018,32,6954,0,6,8,,48,62,2,0,23,25,87,710
2018,33,7246,0,5,9,,42,56,2,0,19,21,77,711
2018,34,8042,0,17,20,,83,120,1,0,28,29,149,712
2018,35,8970,0,10,6,,98,114,2,0,33,35,149,713
2018,36,10137,0,17,17,,119,153,1,0,53,54,207,714
2018,37,12476,0,29,14,,155,198,5,1,48,54,252,715
2018,38,13717,0,22,17,,160,199,2,1,68,71,270,716
2018,39,15324,0,20,13,,169,202,3,0,52,55,257,717
2018,40,17330,0,29,11,,226,266,11,7,71,89,355,718
2018,41,18954,0,52,11,,231,294,5,3,88,96,390,719
2018,42,21301,0,52,22,,324,398,14,2,90,106,504,720
2018,43,22528,0,76,35,,343,454,13,0,104,117,571,721
2018,44,23695,0,84,23,,393,500,8,1,100,109,609,722
2018,45,24855,0,117,27,,561,705,7,4,103,114,819,723
2018,46,25902,0,148,41,,680,869,3,2,104,109,978,724
2018,47,25858,0,215,54,,907,1176,5,2,77,84,1260,725
2018,48,29989,0,326,64,,1013,1403,10,2,107,119,1522,726
2018,49,30761,0,361,90,,1674,2125,7,3,159,169,2294,727
2018,50,35316,0,674,166,,3262,4102,6,7,197,210,4312,728
2018,51,41051,0,1115,248,,5367,6730,8,20,201,229,6959,729
2018,52,45896,0,1243,274,,6962,8479,9,19,248,276,8755,730
2019,1,47278,0,1182,305,,5400,6887,17,6,158,181,7068,731
2019,2,44838,0,1429,233,,5175,6837,20,4,230,254,7091,732
2019,3,45296,0,1475,366,,6783,8624,16,17,195,228,8852,733
2019,4,47652,0,1546,511,,8426,10483,9,17,262,288,10771,734
2019,5,52704,0,1678,806,,10732,13216,18,24,300,342,13558,735
2019,6,58794,0,1878,1202,,13197,16277,11,18,446,475,16752,736
2019,7,57876,0,1703,1305,,13375,16383,18,29,532,579,16962,737
2019,8,58689,0,1480,1501,,13759,16740,12,28,532,572,17312,738
2019,9,58082,0,1377,1785,,13498,16660,10,34,474,518,17178,739
2019,10,57990,0,1292,1829,,13258,16379,27,42,491,560,16939,740
2019,11,57812,0,1052,1828,,13412,16292,31,56,611,698,16990,741
2019,12,52500,0,745,1402,,10349,12496,19,50,689,758,13254,742
2019,13,45764,0,472,1110,,7695,9277,25,66,698,789,10066,743
2019,14,39287,0,336,889,,4904,6129,20,70,684,774,6903,744
2019,15,33751,0,217,660,,3210,4087,18,58,638,714,4801,745
2019,16,29429,0,130,354,,1898,2382,19,50,536,605,2987,746
2019,17,25890,0,87,218,,1032,1337,14,39,475,528,1865,747
2019,18,21148,0,65,158,,640,863,11,40,345,396,1259,748
2019,19,18525,0,45,94,,418,557,9,41,297,347,904,749
2019,20,17777,0,43,82,,336,461,7,40,279,326,787,750
2019,21,16180,0,29,67,,280,376,3,27,261,291,667,751
2019,22,14912,0,23,55,,216,294,11,25,249,285,579,752
2019,23,13102,0,26,54,,147,227,1,32,226,259,486,753
2019,24,11817,0,21,57,,136,214,2,19,140,161,375,754
2019,25,10843,0,19,52,,111,182,0,13,99,112,294,755
2019,26,9513,0,21,48,,95,164,3,12,100,115,279,756
2019,27,9212,0,29,41,,132,202,1,13,89,103,305,757
2019,28,9474,0,10,42,,103,155,1,9,83,93,248,758
2019,29,8662,0,12,55,,109,176,0,10,81,91,267,759
2019,30,8245,0,19,29,,106,154,0,11,88,99,253,760
2019,31,8213,0,14,30,,106,150,2,10,86,98,248,761
2019,32,8374,0,7,33,,79,119,0,16,88,104,223,762
2019,33,8647,0,20,34,,81,135,0,38,94,132,267,763
2019,34,9244,0,19,38,,95,152,0,32,118,150,302,764
2019,35,10870,0,14,34,,146,194,0,29,226,255,449,765
2019,36,12268,0,16,54,,145,215,1,29,231,261,476,766
2019,37,13954,0,12,69,,166,247,2,44,182,228,475,767
2019,38,15837,0,27,59,,171,257,0,46,258,304,561,768
2019,39,18142,0,18,60,,171,249,0,49,329,378,627,769
2019,40,20838,0,25,57,,157,239,1,56,131,188,427,770
2019,41,23213,0,33,64,,168,265,2,70,188,260,525,771
2019,42,24387,0,36,82,,196,314,3,77,200,280,594,772
2019,43,26123,0,53,78,,249,380,5,96,374,475,855,773
2019,44,27014,0,52,61,,304,417,5,120,595,720,1137,774
2019,45,31189,0,122,74,,619,815,10,234,1149,1393,2208,775
2019,46,33647,0,149,58,,681,888,10,330,1678,2018,2906,776
2019,47,39305,0,258,78,,1076,1412,10,423,2754,3187,4599,777
2019,48,37757,0,369,83,,1171,1623,10,500,2934,3444,5067,778
2019,49,45188,0,513,83,,1512,2108,14,657,3656,4327,6435,779
2019,50,48415,0,620,78,,2199,2897,15,807,5408,6230,9127,780
2019,51,58494,0,915,52,,3749,4716,16,1110,8855,9981,14697,781
2019,52,68238,0,1210,88,,6007,7305,24,1326,11612,12962,20267,782
2020,1,69417,,1262,101,,5690,7053,23,1275,9853,11151,18204,783
2020,2,65248,,1338,86,,6143,7567,20,1145,8151,9316,16883,784
2020,3,65248,,1598,73,,7768,9439,12,1244,8272,9528,18967,785
2020,4,69503,,1769,79,,9515,11363,8,1137,9020,10165,21528,786
2020,5,78337,,2359,92,,12152,14603,8,1069,9980,11057,25660,787
2020,6,77514,,2346,91,,13024,15461,5,871,9075,9951,25412,788
2020,7,74285,,2048,65,,13501,15614,10,744,7460,8214,23828,789
2020,8,69556,,1752,76,,12833,14661,9,564,5924,6497,21158,790
2020,9,66390,,1662,63,,11763,13488,8,454,4503,4965,18453,791
2020,10,68289,,1601,73,,11115,12789,8,352,3508,3868,16657,792
2020,11,78010,,1136,74,,9127,10337,3,197,2775,2975,13312,793
2020,12,75949,,444,30,,4154,4628,1,77,1397,1475,6103,794
2020,13,46900,,100,7,,767,874,2,20,314,336,1210,795
2020,14,32310,,37,1,,200,238,0,5,129,134,372,796
2020,15,20593,,28,0,,78,106,0,0,50,50,156,797
2020,16,15327,,19,0,,58,77,0,2,35,37,114,798
2020,17,13640,,26,0,,20,46,0,0,12,12,58,799
2020,18,11010,,23,0,,20,43,0,1,10,11,54,800
2020,19,9550,,26,1,,14,41,0,0,17,17,58,801
2020,20,8526,,24,0,,14,38,0,0,13,13,51,802
2020,21,8076,,0,0,,9,9,0,0,8,8,17,803
2020,22,6583,,2,0,,8,10,0,0,4,4,14,804
2020,23,6540,,0,0,,9,9,0,0,14,14,23,805
2020,24,6065,,1,0,,9,10,0,1,11,12,22,806
2020,25,5645,,0,0,,12,12,0,0,8,8,20,807
2020,26,5875,,0,0,,12,12,0,0,7,7,19,808
2020,27,6378,,0,0,,9,9,0,0,5,5,14,809
2020,28,6503,,0,0,,7,7,0,0,6,6,13,810
2020,29,6339,,0,0,,11,11,0,0,12,12,23,811
2020,30,6212,,0,0,,7,7,0,0,4,4,11,812
2020,31,6233,,0,0,,3,3,0,0,5,5,8,813
2020,32,6412,,0,0,,7,7,0,0,4,4,11,814
2020,33,6163,,0,0,,4,4,0,0,5,5,9,815
2020,34,6349,,0,0,,6,6,0,0,8,8,14,816
2020,35,8657,,0,0,,7,7,0,0,13,13,20,817
2020,36,8561,,0,0,,8,8,0,0,6,6,14,818
2020,37,6603,,0,1,,7,8,0,0,6,6,14,819
2020,38,7539,,0,0,,15,15,0,0,18,18,33,820
2020,39,9814,,0,0,,14,14,0,0,10,10,24,821
2020,40,23541,,0,0,,22,22,0,0,23,23,45,822
2020,41,26843,,3,2,,33,38,0,1,33,34,72,823
2020,42,26166,,0,1,,31,32,0,0,31,31,63,824
2020,43,31984,,1,1,,31,33,0,0,24,24,57,825
2020,44,40636,,0,1,,29,30,2,1,32,35,65,826
2020,45,53261,,0,1,,36,37,0,0,32,32,69,827
2020,46,60318,,3,4,,38,45,1,0,48,49,94,828
2020,47,57611,,0,3,,34,37,2,0,56,58,95,829
2020,48,46279,,2,0,,25,27,0,1,38,39,66,830
2020,49,59842,,0,0,,36,36,3,2,69,74,110,831
2020,50,58033,,3,3,,34,40,0,2,77,79,119,832
2020,51,55873,,0,0,,42,42,0,0,85,85,127,833
2020,52,48699,,0,0,,36,36,0,0,69,69,105,834
2020,53,51558,,1,1,,40,42,0,0,76,76,118,835
2021,1,62227,,0,0,,34,34,0,1,98,99,133,836
2021,2,57277,,0,0,,28,28,0,1,51,52,80,837
2021,3,52733,,0,1,,23,24,0,0,63,63,87,838
2021,4,49530,,1,0,,14,15,0,0,51,51,66,839
2021,5,52690,,0,0,,25,25,0,0,56,56,81,840
2021,6,51095,,0,0,,13,13,0,1,36,37,50,841
2021,7,45777,,0,0,,22,22,0,0,23,23,45,842
2021,8,50606,,1,1,,18,20,0,0,28,28,48,843
2021,9,48586,,0,0,,16,16,0,0,17,17,33,844
2021,10,50653,,1,0,,16,17,0,1,22,23,40,845
2021,11,48830,,0,1,,30,31,0,0,21,21,52,846
2021,12,50577,,0,0,,14,14,0,0,17,17,31,847
2021,13,45639,,0,0,,18,18,0,0,10,10,28,848
2021,14,45536,,1,0,,10,11,0,0,14,14,25,849
2021,15,45663,,1,1,,11,13,0,0,15,15,28,850
2021,16,42798,,0,0,,12,12,0,0,17,17,29,851
2021,17,43915,,0,0,,17,17,0,0,10,10,27,852
2021,18,40832,,0,0,,10,10,0,1,15,16,26,853
2021,19,38298,,0,0,,17,17,0,0,13,13,30,854
2021,20,38347,,0,0,,24,24,0,5,20,25,49,855
2021,21,33354,,0,0,,14,14,0,0,23,23,37,856
2021,22,30613,,1,0,,9,10,0,0,16,16,26,857
2021,23,30826,,0,0,,10,10,0,0,18,18,28,858
2021,24,29924,,0,0,,17,17,0,0,12,12,29,859
2021,25,28315,,1,0,,12,13,0,0,17,17,30,860
2021,26,29968,,0,0,,4,4,0,0,13,13,17,861
2021,27,31656,,1,1,,6,8,0,0,10,10,18,862
2021,28,35085,,0,3,,14,17,0,1,18,19,36,863
2021,29,36091,,0,2,,5,7,0,0,13,13,20,864
2021,30,39344,,1,1,,12,14,0,0,12,12,26,865
2021,31,41960,,0,2,,17,19,0,0,18,18,37,866
2021,32,50778,,0,1,,10,11,0,0,11,11,22,867
2021,33,54649,,0,3,,15,18,0,0,10,10,28,868
2021,34,63621,,1,0,,18,19,0,0,14,14,33,869
2021,35,65168,,0,0,,22,22,0,1,14,15,37,870
2021,36,56650,,0,0,,17,17,0,0,10,10,27,871
2021,37,62983,,1,1,,12,14,0,4,14,18,32,872
2021,38,58351,,3,2,,18,23,0,0,16,16,39,873
2021,39,56853,,0,3,,25,28,1,0,24,25,53,874
2021,40,66335,,1,86,,40,127,0,3,32,35,162,875
2021,41,62851,,0,93,,23,116,0,2,36,38,154,876
2021,42,70847,,0,52,,26,78,0,3,37,40,118,877
2021,43,73971,,0,50,,103,153,0,8,34,42,195,878
2021,44,77075,,0,182,,127,309,0,4,36,40,349,879
2021,45,81864,,0,200,,351,551,0,1,39,40,591,880
2021,46,90791,,2,434,,750,1186,1,4,50,55,1241,881
2021,47,83961,,1,483,,1282,1766,0,1,42,43,1809,882
2021,48,103968,,0,640,,2389,3029,0,3,68,71,3100,883
2021,49,94006,,0,279,,2611,2890,0,0,33,33,2923,884
2021,50,0,0,0,0,0,0,0,0,0,0,0,0,885
2021,51,0,0,0,0,0,0,0,0,0,0,0,0,886
2021,52,0,0,0,0,0,0,0,0,0,0,0,0,887
2022,1,0,0,0,0,0,0,0,0,0,0,0,0,888
2022,2,0,0,0,0,0,0,0,0,0,0,0,0,889
2022,3,0,0,0,0,0,0,0,0,0,0,0,0,890
